16Jun2023,000 hrs,YES
16Jun2023,1600 hrs,YES
16Jun2023,0400 hrs,YES
16Jun2023,2000 hrs,YES
16Jun2023,0800 hrs,YES
16Jun2023,1200 hrs,YES
17Jun2023,000 hrs,YES
17Jun2023,1600 hrs,YES
17Jun2023,0400 hrs,YES
17Jun2023,2000 hrs,YES
17Jun2023,0800 hrs,YES
17Jun2023,1200 hrs,YES
18Jun2023,000 hrs,YES
18Jun2023,1600 hrs,YES
18Jun2023,0400 hrs,YES
18Jun2023,2000 hrs,YES
18Jun2023,0800 hrs,YES
18Jun2023,1200 hrs,YES
19Jun2023,000 hrs,YES
19Jun2023,1600 hrs,YES
19Jun2023,0400 hrs,YES
19Jun2023,2000 hrs,YES
19Jun2023,0800 hrs,YES
19Jun2023,1200 hrs,YES
20Jun2023,000 hrs,YES
20Jun2023,1600 hrs,YES
20Jun2023,0400 hrs,YES
20Jun2023,2000 hrs,YES
20Jun2023,0800 hrs,YES
20Jun2023,1200 hrs,YES
21Jun2023,000 hrs,YES
21Jun2023,1600 hrs,YES
21Jun2023,0400 hrs,YES
21Jun2023,2000 hrs,YES
21Jun2023,0800 hrs,YES
21Jun2023,1200 hrs,YES
222Jun2023,000 hrs,YES
222Jun2023,1600 hrs,YES
222Jun2023,0400 hrs,YES
222Jun2023,2000 hrs,YES
222Jun2023,0800 hrs,YES
222Jun2023,1200 hrs,YES
24Jun2023,000 hrs,YES
24Jun2023,1600 hrs,YES
24Jun2023,0400 hrs,YES
24Jun2023,2000 hrs,YES
24Jun2023,0800 hrs,YES
24Jun2023,1200 hrs,YES
